task,n_runs,best_seed,seeds,accuracy_MEAN,accuracy_STD,accuracy_mm_MEAN,accuracy_mm_STD,pearson_MEAN,pearson_STD,spearmanr_MEAN,spearmanr_STD,matthews_correlation_MEAN,matthews_correlation_STD
mnli,4,2,"[0, 1, 2, 3]",0.8370096790626591,0.005227911810758756,0.8427837672904801,0.0054660741791080665,,,,,,
qqp,4,2,"[0, 1, 2, 3]",0.9087249567153104,0.002756373812215619,,,,,,,,
sst2,4,0,"[0, 1, 2, 3]",0.9220183486238532,0.0016218045440058464,,,,,,,,
mrpc,4,3,"[0, 1, 2, 3]",0.8388480392156863,0.014891933115652102,,,,,,,,
rte,4,1,"[0, 1, 2, 3]",0.6859205776173285,0.006591125842420763,,,,,,,,
qnli,4,2,"[0, 1, 2, 3]",0.9068735127219477,0.00128895174655424,,,,,,,,
stsb,4,2,"[0, 1, 2, 3]",,,,,0.8927138694164163,0.006685916307030975,0.8884925024675626,0.006332767916986071,,
cola,4,1,"[0, 1, 2, 3]",,,,,,,,,0.5629027761431664,0.01357057641513343
