task,n_runs,best_seed,seeds,accuracy_MEAN,accuracy_STD,accuracy_mm_MEAN,accuracy_mm_STD,pearson_MEAN,pearson_STD,spearmanr_MEAN,spearmanr_STD,matthews_correlation_MEAN,matthews_correlation_STD
mnli,3,2,"[0, 2, 3]",0.8363389370011888,0.0008235256004742438,0.8412666124220234,0.0008650224316635135,,,,,,
qqp,3,2,"[0, 2, 3]",0.9029598482974688,0.0007700746593345601,,,,,,,,
sst2,3,0,"[0, 2, 3]",0.9116972477064221,0.0030341184759915163,,,,,,,,
mrpc,3,2,"[0, 2, 3]",0.8651960784313726,0.002450980392156854,,,,,,,,
rte,3,0,"[0, 2, 3]",0.7593261131167268,0.02535656739555415,,,,,,,,
qnli,3,0,"[0, 2, 3]",0.906949783391299,0.0021684490382472307,,,,,,,,
stsb,3,2,"[0, 2, 3]",,,,,0.8858589351758396,0.004911078006676125,0.8851040774114218,0.004160709795749556,,
cola,3,2,"[0, 2, 3]",,,,,,,,,0.5607126967979147,0.009473114343571294
