task,n_runs,best_seed,seeds,accuracy_MEAN,accuracy_STD,accuracy_mm_MEAN,accuracy_mm_STD,pearson_MEAN,pearson_STD,spearmanr_MEAN,spearmanr_STD,matthews_correlation_MEAN,matthews_correlation_STD
mnli,3,2,"[1, 2, 3]",0.8356936661572423,0.0012900947470349904,0.8419446704637917,0.0009321756905931531,,,,,,
qqp,5,4,"[4, 5, 6, 7, 8]",0.9019836754884987,0.0015561273145134897,,,,,,,,
sst2,4,2,"[0, 1, 2, 3]",0.919151376146789,0.0023872316507639307,,,,,,,,
mrpc,4,1,"[0, 1, 2, 3]",0.8314950980392157,0.014482923121924712,,,,,,,,
rte,10,1,"[0, 1, 2, 3, 4, 5, 6, 7, 8, 9]",0.651624548736462,0.027135914040384325,,,,,,,,
qnli,4,2,"[0, 1, 2, 3]",0.907605711147721,0.0013890478293773112,,,,,,,,
stsb,4,3,"[0, 1, 2, 3]",,,,,0.8890845475142746,0.0016213867565068375,0.8852840176303398,0.0016964249185410217,,
cola,4,2,"[0, 1, 2, 3]",,,,,,,,,0.5693855602799918,0.02035314352885597
